"Topic 1","Topic 2","Topic 3","Topic 4","Topic 5","Topic 6"
"task","practic","document","map","risk","data"
"time","problem","word","knowledg","project","model"
"distribut","best","cluster","question","manag","point"
"probabl","often","topic","discuss","process","boundari"
"complet","chang","term","idea","work","function"
"simul","mani","doc","point","organis","decis"
"number","organis","corpus","inform","author","variabl"
"t","techniqu","r","argument","paper","valu"
"correl","differ","algorithm","exampl","organ","set"
"day","import","tmmapdoc","develop","system","p"
